Unnamed: 0,sysEname,time,triggername,is_root
0,SYS_5,2019-06-16 05:21:02,主机node_76 网卡eth0 接收流量持续10分钟平均值大于300M,0
1,SYS_5,2019-06-16 05:21:04,主机node_60 空闲交换空间小于50%,0
2,SYS_8,2019-06-16 05:21:05,主机node_79 堆内存平均使用率：94.61%（大于阈值：90%）,0
3,SYS_6,2019-06-16 05:21:05,主机node_59 ping丢包率当前值为25%，持续2分钟平均大于20%,0
4,SYS_1,2019-06-16 05:21:05,主机node_4 日志产生ERROR信息,0
5,SYS_1,2019-06-16 05:21:08,主机node_73 端口80通信异常,0
6,SYS_9,2019-06-16 05:21:09,主机node_92 分区剩余空间小于阀值10%,0
7,SYS_5,2019-06-16 05:21:10,"主机node_26 空闲CPU为1.52%,持续15分钟小于10%",0
8,SYS_5,2019-06-16 05:21:12,主机node_76 网卡eth0 接收流量持续10分钟平均值大于300M,0
9,SYS_6,2019-06-16 05:21:15,主机node_59 ping丢包率当前值为25%，持续2分钟平均大于20%,0
10,SYS_8,2019-06-16 05:21:15,主机node_49 上I/O等待负载持续15分钟超过10%,0
11,SYS_1,2019-06-16 05:21:15,主机node_4 日志产生ERROR信息,0
12,SYS_4,2019-06-16 05:21:16,主机node_77 空闲交换空间小于50%,0
13,SYS_10,2019-06-16 05:21:18,主机node_11 日志报错:无法获取连接,0
14,SYS_7,2019-06-16 05:21:18,主机node_63 网卡eth0 接收流量持续10分钟平均值大于300M,0
15,SYS_9,2019-06-16 05:21:19,主机node_92 分区剩余空间小于阀值10%,0
16,SYS_4,2019-06-16 05:21:21,主机node_81 FullGC次数：23次（大于阈值：10次）,0
17,SYS_5,2019-06-16 05:21:22,主机node_6 分区剩余空间小于阀值10%,0
18,SYS_3,2019-06-16 05:21:23,主机node_97 网卡eth0 发送流量持续30分钟平均值大于700M,0
19,SYS_5,2019-06-16 05:21:24,主机node_60 空闲交换空间小于50%,0
20,SYS_8,2019-06-16 05:21:25,主机node_79 堆内存平均使用率：94.61%（大于阈值：90%）,0
21,SYS_8,2019-06-16 05:21:25,主机node_49 上I/O等待负载持续15分钟超过10%,0
22,SYS_4,2019-06-16 05:21:26,主机node_77 空闲交换空间小于50%,0
23,SYS_4,2019-06-16 05:21:27,主机node_13 FullGC平均耗时：2118ms（大于阈值：1000ms）,0
24,SYS_7,2019-06-16 05:21:28,主机node_63 网卡eth0 接收流量持续10分钟平均值大于300M,0
25,SYS_2,2019-06-16 05:21:28,主机node_91 FullGC平均耗时：3268ms（大于阈值：1000ms）,0
26,SYS_8,2019-06-16 05:21:35,主机node_49 上I/O等待负载持续15分钟超过10%,0
27,SYS_5,2019-06-16 05:21:37,主机node_65 日志产生ERROR信息,0
28,SYS_7,2019-06-16 05:21:38,主机node_63 网卡eth0 接收流量持续10分钟平均值大于300M,0
29,SYS_8,2019-06-16 05:21:39,主机node_41 ping丢包率当前值为25%，持续2分钟平均大于20%,0
30,SYS_5,2019-06-16 05:21:42,主机node_76 网卡eth0 接收流量持续10分钟平均值大于300M,0
31,SYS_5,2019-06-16 05:21:44,主机node_60 空闲交换空间小于50%,0
32,SYS_8,2019-06-16 05:21:45,主机node_79 堆内存平均使用率：94.61%（大于阈值：90%）,0
33,SYS_6,2019-06-16 05:21:45,主机node_25 FullGC平均耗时：2118ms（大于阈值：1000ms）,0
34,SYS_3,2019-06-16 05:21:45,主机node_57 端口80通信异常,0
35,SYS_10,2019-06-16 05:21:46,主机node_52 **application 停止运行,0
36,SYS_4,2019-06-16 05:21:47,"主机node_62 空闲CPU为1.52%,持续15分钟小于10%",0
37,SYS_7,2019-06-16 05:21:48,主机node_63 网卡eth0 接收流量持续10分钟平均值大于300M,0
38,SYS_9,2019-06-16 05:21:49,主机node_92 分区剩余空间小于阀值10%,0
39,SYS_1,2019-06-16 05:21:49,主机node_93 上I/O等待负载持续15分钟超过10%,0
40,SYS_4,2019-06-16 05:21:51,主机node_81 FullGC次数：23次（大于阈值：10次）,0
41,SYS_6,2019-06-16 05:21:55,主机node_25 FullGC平均耗时：2118ms（大于阈值：1000ms）,0
42,SYS_4,2019-06-16 05:21:56,主机node_77 空闲交换空间小于50%,0
43,SYS_1,2019-06-16 05:21:58,主机node_73 端口80通信异常,0
44,SYS_2,2019-06-16 05:21:58,主机node_91 FullGC平均耗时：3268ms（大于阈值：1000ms）,0
45,SYS_9,2019-06-16 05:21:59,主机node_92 分区剩余空间小于阀值10%,0
46,SYS_5,2019-06-16 05:22:00,"主机node_26 空闲CPU为1.52%,持续15分钟小于10%",0
47,SYS_4,2019-06-16 05:22:02,主机node_9 端口80通信异常,0
48,SYS_5,2019-06-16 05:22:04,主机node_60 空闲交换空间小于50%,0
49,SYS_8,2019-06-16 05:22:05,主机node_49 上I/O等待负载持续15分钟超过10%,0
50,SYS_4,2019-06-16 05:22:06,主机node_77 空闲交换空间小于50%,0
51,SYS_5,2019-06-16 05:22:07,主机node_65 日志产生ERROR信息,0
52,SYS_6,2019-06-16 05:22:07,主机node_98 FullGC平均耗时：2118ms（大于阈值：1000ms）,0
53,SYS_1,2019-06-16 05:22:08,主机node_73 端口80通信异常,0
54,SYS_1,2019-06-16 05:22:09,主机node_93 上I/O等待负载持续15分钟超过10%,0
55,SYS_4,2019-06-16 05:22:11,主机node_81 FullGC次数：23次（大于阈值：10次）,0
56,SYS_5,2019-06-16 05:22:12,主机node_76 网卡eth0 接收流量持续10分钟平均值大于300M,0
57,SYS_6,2019-06-16 05:22:15,主机node_25 FullGC平均耗时：2118ms（大于阈值：1000ms）,0
58,SYS_6,2019-06-16 05:22:16,"主机node_48 ping丢包率100%,服务器宕机",0
59,SYS_4,2019-06-16 05:22:16,主机node_77 空闲交换空间小于50%,0
60,SYS_10,2019-06-16 05:22:16,主机node_52 **application 停止运行,0
61,SYS_9,2019-06-16 05:22:19,主机node_92 分区剩余空间小于阀值10%,0
62,SYS_5,2019-06-16 05:22:22,主机node_76 网卡eth0 接收流量持续10分钟平均值大于300M,0
63,SYS_5,2019-06-16 05:22:24,主机node_60 空闲交换空间小于50%,0
64,SYS_6,2019-06-16 05:22:25,主机node_59 ping丢包率当前值为25%，持续2分钟平均大于20%,0
65,SYS_1,2019-06-16 05:22:25,主机node_4 日志产生ERROR信息,0
66,SYS_8,2019-06-16 05:22:25,主机node_79 堆内存平均使用率：94.61%（大于阈值：90%）,0
67,SYS_4,2019-06-16 05:22:26,主机node_77 空闲交换空间小于50%,0
68,SYS_2,2019-06-16 05:22:28,主机node_91 FullGC平均耗时：3268ms（大于阈值：1000ms）,0
69,SYS_10,2019-06-16 05:22:29,主机node_40 ping延迟时间持续3分钟大于100ms,0
70,SYS_9,2019-06-16 05:22:33,主机node_16 堆内存平均使用率：94.61%（大于阈值：90%）,0
71,SYS_5,2019-06-16 05:22:34,主机node_60 空闲交换空间小于50%,0
72,SYS_8,2019-06-16 05:22:35,主机node_79 堆内存平均使用率：94.61%（大于阈值：90%）,0
73,SYS_8,2019-06-16 05:22:35,主机node_49 上I/O等待负载持续15分钟超过10%,0
74,SYS_10,2019-06-16 05:22:36,主机node_52 **application 停止运行,0
75,SYS_4,2019-06-16 05:22:36,主机node_77 空闲交换空间小于50%,0
76,SYS_4,2019-06-16 05:22:37,主机node_13 FullGC平均耗时：2118ms（大于阈值：1000ms）,0
77,SYS_8,2019-06-16 05:22:38,主机node_95 空闲交换空间小于50%,0
78,SYS_2,2019-06-16 05:22:38,主机node_91 FullGC平均耗时：3268ms（大于阈值：1000ms）,0
79,SYS_7,2019-06-16 05:22:38,主机node_63 网卡eth0 接收流量持续10分钟平均值大于300M,0
80,SYS_9,2019-06-16 05:22:39,主机node_92 分区剩余空间小于阀值10%,0
81,SYS_4,2019-06-16 05:22:41,主机node_81 FullGC次数：23次（大于阈值：10次）,0
82,SYS_5,2019-06-16 05:22:42,主机node_76 网卡eth0 接收流量持续10分钟平均值大于300M,0
83,SYS_3,2019-06-16 05:22:43,主机node_97 网卡eth0 发送流量持续30分钟平均值大于700M,0
84,SYS_8,2019-06-16 05:22:45,主机node_49 上I/O等待负载持续15分钟超过10%,0
85,SYS_6,2019-06-16 05:22:46,"主机node_48 ping丢包率100%,服务器宕机",0
86,SYS_4,2019-06-16 05:22:47,主机node_13 FullGC平均耗时：2118ms（大于阈值：1000ms）,0
87,SYS_1,2019-06-16 05:22:48,主机node_73 端口80通信异常,0
88,SYS_8,2019-06-16 05:22:49,主机node_41 ping丢包率当前值为25%，持续2分钟平均大于20%,0
89,SYS_9,2019-06-16 05:22:49,主机node_92 分区剩余空间小于阀值10%,0
90,SYS_5,2019-06-16 05:22:50,"主机node_26 空闲CPU为1.52%,持续15分钟小于10%",0
91,SYS_4,2019-06-16 05:22:51,主机node_81 FullGC次数：23次（大于阈值：10次）,0
92,SYS_5,2019-06-16 05:22:52,主机node_76 网卡eth0 接收流量持续10分钟平均值大于300M,0
93,SYS_9,2019-06-16 05:22:53,主机node_16 堆内存平均使用率：94.61%（大于阈值：90%）,0
94,SYS_5,2019-06-16 05:22:54,主机node_60 空闲交换空间小于50%,0
95,SYS_6,2019-06-16 05:22:55,主机node_25 FullGC平均耗时：2118ms（大于阈值：1000ms）,0
96,SYS_10,2019-06-16 05:22:56,主机node_52 **application 停止运行,0
97,SYS_4,2019-06-16 05:22:56,主机node_77 空闲交换空间小于50%,0
98,SYS_8,2019-06-16 05:22:57,主机node_87 堆内存平均使用率：94.61%（大于阈值：90%）,0
99,SYS_2,2019-06-16 05:22:58,主机node_91 FullGC平均耗时：3268ms（大于阈值：1000ms）,0
100,SYS_4,2019-06-16 05:23:01,主机node_81 FullGC次数：23次（大于阈值：10次）,0
101,SYS_5,2019-06-16 05:23:02,主机node_76 网卡eth0 接收流量持续10分钟平均值大于300M,0
102,SYS_5,2019-06-16 05:23:04,主机node_60 空闲交换空间小于50%,0
103,SYS_8,2019-06-16 05:23:05,主机node_49 上I/O等待负载持续15分钟超过10%,0
104,SYS_7,2019-06-16 05:23:07,主机node_51 url:http://node_51:8080访问失败,0
105,SYS_8,2019-06-16 05:23:07,主机node_87 堆内存平均使用率：94.61%（大于阈值：90%）,0
106,SYS_9,2019-06-16 05:23:09,主机node_92 分区剩余空间小于阀值10%,0
107,SYS_1,2019-06-16 05:23:09,主机node_93 上I/O等待负载持续15分钟超过10%,0
108,SYS_4,2019-06-16 05:23:11,主机node_81 FullGC次数：23次（大于阈值：10次）,0
109,SYS_5,2019-06-16 05:23:14,主机node_60 空闲交换空间小于50%,0
110,SYS_4,2019-06-16 05:23:16,主机node_77 空闲交换空间小于50%,0
111,SYS_6,2019-06-16 05:23:17,主机node_32 网卡eth0 发送流量持续10分钟平均值大于800M,0
112,SYS_9,2019-06-16 05:23:19,主机node_92 分区剩余空间小于阀值10%,0
113,SYS_4,2019-06-16 05:23:21,主机node_81 FullGC次数：23次（大于阈值：10次）,0
114,SYS_5,2019-06-16 05:23:22,主机node_76 网卡eth0 接收流量持续10分钟平均值大于300M,0
115,SYS_8,2019-06-16 05:23:25,主机node_49 上I/O等待负载持续15分钟超过10%,0
116,SYS_2,2019-06-16 05:23:26,主机node_21 上I/O等待负载持续15分钟超过10%,0
117,SYS_2,2019-06-16 05:23:28,主机node_91 FullGC平均耗时：3268ms（大于阈值：1000ms）,0
118,SYS_9,2019-06-16 05:23:29,主机node_92 分区剩余空间小于阀值10%,0
119,SYS_5,2019-06-16 05:23:32,主机node_76 网卡eth0 接收流量持续10分钟平均值大于300M,0
120,SYS_6,2019-06-16 05:23:35,主机node_59 ping丢包率当前值为25%，持续2分钟平均大于20%,0
121,SYS_4,2019-06-16 05:23:36,主机node_77 空闲交换空间小于50%,0
122,SYS_8,2019-06-16 05:23:37,主机node_87 堆内存平均使用率：94.61%（大于阈值：90%）,0
123,SYS_10,2019-06-16 05:23:38,主机node_11 日志报错:无法获取连接,0
124,SYS_7,2019-06-16 05:23:38,主机node_63 网卡eth0 接收流量持续10分钟平均值大于300M,0
125,SYS_2,2019-06-16 05:23:38,主机node_91 FullGC平均耗时：3268ms（大于阈值：1000ms）,0
126,SYS_9,2019-06-16 05:23:39,主机node_92 分区剩余空间小于阀值10%,0
127,SYS_5,2019-06-16 05:23:40,"主机node_26 空闲CPU为1.52%,持续15分钟小于10%",0
128,SYS_5,2019-06-16 05:23:42,主机node_76 网卡eth0 接收流量持续10分钟平均值大于300M,0
129,SYS_6,2019-06-16 05:23:45,主机node_25 FullGC平均耗时：2118ms（大于阈值：1000ms）,0
130,SYS_8,2019-06-16 05:23:45,主机node_49 上I/O等待负载持续15分钟超过10%,0
131,SYS_2,2019-06-16 05:23:46,主机node_21 上I/O等待负载持续15分钟超过10%,0
132,SYS_7,2019-06-16 05:23:46,主机node_61 **application 停止运行,0
133,SYS_5,2019-06-16 05:23:47,主机node_65 日志产生ERROR信息,0
134,SYS_10,2019-06-16 05:23:48,主机node_90 Nginx 80端口的连接数大于2000,0
135,SYS_7,2019-06-16 05:23:48,主机node_63 网卡eth0 接收流量持续10分钟平均值大于300M,0
136,SYS_5,2019-06-16 05:23:50,"主机node_26 空闲CPU为1.52%,持续15分钟小于10%",0
137,SYS_9,2019-06-16 05:23:53,主机node_16 堆内存平均使用率：94.61%（大于阈值：90%）,0
138,SYS_4,2019-06-16 05:23:56,主机node_77 空闲交换空间小于50%,0
139,SYS_7,2019-06-16 05:23:56,主机node_61 **application 停止运行,0
140,SYS_2,2019-06-16 05:23:58,主机node_91 FullGC平均耗时：3268ms（大于阈值：1000ms）,0
141,SYS_8,2019-06-16 05:23:59,主机node_41 ping丢包率当前值为25%，持续2分钟平均大于20%,0
142,SYS_4,2019-06-16 05:24:01,主机node_81 FullGC次数：23次（大于阈值：10次）,0
143,SYS_5,2019-06-16 05:24:04,主机node_60 空闲交换空间小于50%,0
144,SYS_8,2019-06-16 05:24:05,主机node_49 上I/O等待负载持续15分钟超过10%,0
145,SYS_4,2019-06-16 05:24:06,主机node_77 空闲交换空间小于50%,0
146,SYS_7,2019-06-16 05:24:06,主机node_89 url:http://node_89:8080访问失败,0
147,SYS_6,2019-06-16 05:24:07,主机node_98 FullGC平均耗时：2118ms（大于阈值：1000ms）,0
148,SYS_8,2019-06-16 05:24:07,主机node_87 堆内存平均使用率：94.61%（大于阈值：90%）,0
149,SYS_2,2019-06-16 05:24:08,主机node_91 FullGC平均耗时：3268ms（大于阈值：1000ms）,0
150,SYS_9,2019-06-16 05:24:09,主机node_92 分区剩余空间小于阀值10%,0
151,SYS_8,2019-06-16 05:24:09,主机node_41 ping丢包率当前值为25%，持续2分钟平均大于20%,0
152,SYS_5,2019-06-16 05:24:12,主机node_76 网卡eth0 接收流量持续10分钟平均值大于300M,0
153,SYS_5,2019-06-16 05:24:14,主机node_60 空闲交换空间小于50%,0
154,SYS_1,2019-06-16 05:24:15,主机node_4 日志产生ERROR信息,0
155,SYS_8,2019-06-16 05:24:15,主机node_49 上I/O等待负载持续15分钟超过10%,0
156,SYS_6,2019-06-16 05:24:15,主机node_25 FullGC平均耗时：2118ms（大于阈值：1000ms）,0
157,SYS_8,2019-06-16 05:24:15,主机node_79 堆内存平均使用率：94.61%（大于阈值：90%）,0
158,SYS_4,2019-06-16 05:24:16,主机node_77 空闲交换空间小于50%,0
159,SYS_7,2019-06-16 05:24:16,主机node_61 **application 停止运行,0
160,SYS_10,2019-06-16 05:24:16,主机node_52 **application 停止运行,0
161,SYS_6,2019-06-16 05:24:17,主机node_32 网卡eth0 发送流量持续10分钟平均值大于800M,0
162,SYS_2,2019-06-16 05:24:18,主机node_91 FullGC平均耗时：3268ms（大于阈值：1000ms）,0
163,SYS_1,2019-06-16 05:24:19,主机node_93 上I/O等待负载持续15分钟超过10%,0
164,SYS_5,2019-06-16 05:24:24,主机node_60 空闲交换空间小于50%,0
165,SYS_8,2019-06-16 05:24:25,主机node_49 上I/O等待负载持续15分钟超过10%,0
166,SYS_4,2019-06-16 05:24:26,主机node_77 空闲交换空间小于50%,0
167,SYS_2,2019-06-16 05:24:26,主机node_21 上I/O等待负载持续15分钟超过10%,0
168,SYS_10,2019-06-16 05:24:28,主机node_90 Nginx 80端口的连接数大于2000,0
169,SYS_2,2019-06-16 05:24:28,主机node_91 FullGC平均耗时：3268ms（大于阈值：1000ms）,0
170,SYS_1,2019-06-16 05:24:28,主机node_73 端口80通信异常,0
171,SYS_9,2019-06-16 05:24:29,主机node_92 分区剩余空间小于阀值10%,0
172,SYS_4,2019-06-16 05:24:31,主机node_81 FullGC次数：23次（大于阈值：10次）,0
173,SYS_5,2019-06-16 05:24:32,主机node_76 网卡eth0 接收流量持续10分钟平均值大于300M,0
174,SYS_3,2019-06-16 05:24:35,主机node_57 端口80通信异常,0
175,SYS_8,2019-06-16 05:24:35,主机node_49 上I/O等待负载持续15分钟超过10%,0
176,SYS_4,2019-06-16 05:24:36,主机node_77 空闲交换空间小于50%,0
177,SYS_7,2019-06-16 05:24:37,主机node_51 url:http://node_51:8080访问失败,0
178,SYS_7,2019-06-16 05:24:38,主机node_63 网卡eth0 接收流量持续10分钟平均值大于300M,0
179,SYS_2,2019-06-16 05:24:40,主机node_45 日志产生ERROR信息,0
180,SYS_1,2019-06-16 05:24:40,主机node_33 硬盘Slot 00状态为Failed,0
181,SYS_5,2019-06-16 05:24:42,主机node_76 网卡eth0 接收流量持续10分钟平均值大于300M,0
182,SYS_9,2019-06-16 05:24:43,主机node_16 堆内存平均使用率：94.61%（大于阈值：90%）,0
183,SYS_5,2019-06-16 05:24:44,主机node_60 空闲交换空间小于50%,0
184,SYS_8,2019-06-16 05:24:45,主机node_49 上I/O等待负载持续15分钟超过10%,0
185,SYS_2,2019-06-16 05:24:46,主机node_21 上I/O等待负载持续15分钟超过10%,0
186,SYS_7,2019-06-16 05:24:46,主机node_61 **application 停止运行,0
187,SYS_10,2019-06-16 05:24:46,主机node_52 **application 停止运行,0
188,SYS_5,2019-06-16 05:24:47,主机node_65 日志产生ERROR信息,0
189,SYS_4,2019-06-16 05:24:47,主机node_13 FullGC平均耗时：2118ms（大于阈值：1000ms）,0
190,SYS_1,2019-06-16 05:24:48,主机node_73 端口80通信异常,0
191,SYS_9,2019-06-16 05:24:49,主机node_92 分区剩余空间小于阀值10%,0
192,SYS_3,2019-06-16 05:24:51,"主机node_20 ping丢包率100%,服务器宕机",0
193,SYS_4,2019-06-16 05:24:51,主机node_81 FullGC次数：23次（大于阈值：10次）,0
194,SYS_4,2019-06-16 05:24:52,主机node_9 端口80通信异常,0
195,SYS_5,2019-06-16 05:24:52,主机node_76 网卡eth0 接收流量持续10分钟平均值大于300M,0
196,SYS_5,2019-06-16 05:24:54,主机node_60 空闲交换空间小于50%,0
197,SYS_8,2019-06-16 05:24:55,主机node_49 上I/O等待负载持续15分钟超过10%,0
198,SYS_4,2019-06-16 05:24:56,主机node_77 空闲交换空间小于50%,0
199,SYS_6,2019-06-16 05:24:57,主机node_98 FullGC平均耗时：2118ms（大于阈值：1000ms）,0
200,SYS_8,2019-06-16 05:24:57,主机node_87 堆内存平均使用率：94.61%（大于阈值：90%）,0
201,SYS_9,2019-06-16 05:24:59,主机node_92 分区剩余空间小于阀值10%,0
202,SYS_3,2019-06-16 05:25:03,主机node_97 网卡eth0 发送流量持续30分钟平均值大于700M,0
203,SYS_5,2019-06-16 05:25:04,主机node_60 空闲交换空间小于50%,0
204,SYS_4,2019-06-16 05:25:06,主机node_77 空闲交换空间小于50%,0
205,SYS_2,2019-06-16 05:25:10,主机node_45 日志产生ERROR信息,0
206,SYS_3,2019-06-16 05:25:10,主机node_3 端口80通信异常,0
207,SYS_5,2019-06-16 05:25:14,主机node_60 空闲交换空间小于50%,0
208,SYS_6,2019-06-16 05:25:17,主机node_98 FullGC平均耗时：2118ms（大于阈值：1000ms）,0
209,SYS_3,2019-06-16 05:25:20,主机node_3 端口80通信异常,0
210,SYS_4,2019-06-16 05:25:21,主机node_81 FullGC次数：23次（大于阈值：10次）,0
211,SYS_8,2019-06-16 05:25:25,主机node_49 上I/O等待负载持续15分钟超过10%,0
212,SYS_4,2019-06-16 05:25:26,主机node_77 空闲交换空间小于50%,0
213,SYS_7,2019-06-16 05:25:26,主机node_89 url:http://node_89:8080访问失败,0
214,SYS_2,2019-06-16 05:25:26,主机node_21 上I/O等待负载持续15分钟超过10%,0
215,SYS_7,2019-06-16 05:25:28,主机node_63 网卡eth0 接收流量持续10分钟平均值大于300M,0
216,SYS_9,2019-06-16 05:25:29,主机node_92 分区剩余空间小于阀值10%,0
217,SYS_4,2019-06-16 05:25:31,主机node_81 FullGC次数：23次（大于阈值：10次）,0
218,SYS_5,2019-06-16 05:25:32,主机node_76 网卡eth0 接收流量持续10分钟平均值大于300M,0
219,SYS_3,2019-06-16 05:25:33,主机node_97 网卡eth0 发送流量持续30分钟平均值大于700M,0
220,SYS_5,2019-06-16 05:25:34,主机node_60 空闲交换空间小于50%,0
221,SYS_8,2019-06-16 05:25:35,主机node_49 上I/O等待负载持续15分钟超过10%,0
222,SYS_7,2019-06-16 05:25:36,主机node_61 **application 停止运行,0
223,SYS_8,2019-06-16 05:25:37,主机node_87 堆内存平均使用率：94.61%（大于阈值：90%）,0
224,SYS_4,2019-06-16 05:25:37,"主机node_62 空闲CPU为1.52%,持续15分钟小于10%",0
225,SYS_7,2019-06-16 05:25:38,主机node_63 网卡eth0 接收流量持续10分钟平均值大于300M,0
226,SYS_9,2019-06-16 05:25:39,主机node_92 分区剩余空间小于阀值10%,0
227,SYS_4,2019-06-16 05:25:41,主机node_81 FullGC次数：23次（大于阈值：10次）,0
228,SYS_7,2019-06-16 05:25:42,主机node_54 **application 停止运行,0
229,SYS_5,2019-06-16 05:25:44,主机node_60 空闲交换空间小于50%,0
230,SYS_4,2019-06-16 05:25:47,主机node_13 FullGC平均耗时：2118ms（大于阈值：1000ms）,0
231,SYS_7,2019-06-16 05:25:48,主机node_63 网卡eth0 接收流量持续10分钟平均值大于300M,0
232,SYS_9,2019-06-16 05:25:49,主机node_92 分区剩余空间小于阀值10%,0
233,SYS_3,2019-06-16 05:25:51,"主机node_20 ping丢包率100%,服务器宕机",0
234,SYS_7,2019-06-16 05:25:52,主机node_54 **application 停止运行,0
235,SYS_5,2019-06-16 05:25:52,主机node_76 网卡eth0 接收流量持续10分钟平均值大于300M,0
236,SYS_3,2019-06-16 05:25:53,主机node_97 网卡eth0 发送流量持续30分钟平均值大于700M,0
237,SYS_5,2019-06-16 05:25:54,主机node_60 空闲交换空间小于50%,0
238,SYS_6,2019-06-16 05:25:55,主机node_25 FullGC平均耗时：2118ms（大于阈值：1000ms）,0
239,SYS_10,2019-06-16 05:25:58,主机node_90 Nginx 80端口的连接数大于2000,0
240,SYS_6,2019-06-16 05:26:05,主机node_25 FullGC平均耗时：2118ms（大于阈值：1000ms）,0
241,SYS_9,2019-06-16 05:26:06,主机node_12 url:http://node_12:80//访问失败,0
242,SYS_2,2019-06-16 05:26:08,主机node_91 FullGC平均耗时：3268ms（大于阈值：1000ms）,0
243,SYS_1,2019-06-16 05:26:08,主机node_73 端口80通信异常,0
244,SYS_8,2019-06-16 05:26:09,主机node_41 ping丢包率当前值为25%，持续2分钟平均大于20%,0
245,SYS_5,2019-06-16 05:26:14,主机node_60 空闲交换空间小于50%,0
246,SYS_6,2019-06-16 05:26:15,主机node_59 ping丢包率当前值为25%，持续2分钟平均大于20%,0
247,SYS_4,2019-06-16 05:26:16,主机node_77 空闲交换空间小于50%,0
248,SYS_2,2019-06-16 05:26:18,主机node_91 FullGC平均耗时：3268ms（大于阈值：1000ms）,0
249,SYS_9,2019-06-16 05:26:19,主机node_92 分区剩余空间小于阀值10%,0
250,SYS_8,2019-06-16 05:26:19,主机node_41 ping丢包率当前值为25%，持续2分钟平均大于20%,0
251,SYS_1,2019-06-16 05:26:20,主机node_33 硬盘Slot 00状态为Failed,0
252,SYS_4,2019-06-16 05:26:21,主机node_81 FullGC次数：23次（大于阈值：10次）,0
253,SYS_3,2019-06-16 05:26:25,主机node_57 端口80通信异常,0
254,SYS_6,2019-06-16 05:26:26,"主机node_48 ping丢包率100%,服务器宕机",0
255,SYS_1,2019-06-16 05:26:28,主机node_73 端口80通信异常,0
256,SYS_7,2019-06-16 05:26:28,主机node_63 网卡eth0 接收流量持续10分钟平均值大于300M,0
257,SYS_10,2019-06-16 05:26:29,主机node_40 ping延迟时间持续3分钟大于100ms,0
258,SYS_9,2019-06-16 05:26:29,主机node_92 分区剩余空间小于阀值10%,0
259,SYS_4,2019-06-16 05:26:31,主机node_81 FullGC次数：23次（大于阈值：10次）,0
260,SYS_5,2019-06-16 05:26:32,主机node_76 网卡eth0 接收流量持续10分钟平均值大于300M,0
261,SYS_5,2019-06-16 05:26:34,主机node_60 空闲交换空间小于50%,0
262,SYS_8,2019-06-16 05:26:35,主机node_49 上I/O等待负载持续15分钟超过10%,0
263,SYS_4,2019-06-16 05:26:36,主机node_77 空闲交换空间小于50%,0
264,SYS_4,2019-06-16 05:26:37,"主机node_62 空闲CPU为1.52%,持续15分钟小于10%",0
265,SYS_5,2019-06-16 05:26:37,主机node_65 日志产生ERROR信息,0
266,SYS_7,2019-06-16 05:26:38,主机node_63 网卡eth0 接收流量持续10分钟平均值大于300M,0
267,SYS_5,2019-06-16 05:26:42,主机node_6 分区剩余空间小于阀值10%,0
268,SYS_5,2019-06-16 05:26:44,主机node_60 空闲交换空间小于50%,0
269,SYS_8,2019-06-16 05:26:45,主机node_49 上I/O等待负载持续15分钟超过10%,0
270,SYS_1,2019-06-16 05:26:45,主机node_4 日志产生ERROR信息,0
271,SYS_3,2019-06-16 05:26:45,主机node_57 端口80通信异常,0
272,SYS_4,2019-06-16 05:26:46,主机node_77 空闲交换空间小于50%,0
273,SYS_5,2019-06-16 05:26:47,主机node_65 日志产生ERROR信息,0
274,SYS_1,2019-06-16 05:26:48,主机node_73 端口80通信异常,0
275,SYS_9,2019-06-16 05:26:49,主机node_92 分区剩余空间小于阀值10%,0
276,SYS_8,2019-06-16 05:26:55,主机node_79 堆内存平均使用率：94.61%（大于阈值：90%）,0
277,SYS_4,2019-06-16 05:26:56,主机node_77 空闲交换空间小于50%,0
278,SYS_2,2019-06-16 05:27:00,主机node_45 日志产生ERROR信息,0
279,SYS_4,2019-06-16 05:27:01,主机node_81 FullGC次数：23次（大于阈值：10次）,0
280,SYS_5,2019-06-16 05:27:02,主机node_76 网卡eth0 接收流量持续10分钟平均值大于300M,0
281,SYS_5,2019-06-16 05:27:04,主机node_60 空闲交换空间小于50%,0
282,SYS_6,2019-06-16 05:27:06,"主机node_48 ping丢包率100%,服务器宕机",0
283,SYS_7,2019-06-16 05:27:06,主机node_61 **application 停止运行,0
284,SYS_8,2019-06-16 05:27:07,主机node_87 堆内存平均使用率：94.61%（大于阈值：90%）,0
285,SYS_8,2019-06-16 05:27:08,主机node_95 空闲交换空间小于50%,0
286,SYS_2,2019-06-16 05:27:08,主机node_91 FullGC平均耗时：3268ms（大于阈值：1000ms）,0
287,SYS_9,2019-06-16 05:27:09,主机node_92 分区剩余空间小于阀值10%,0
288,SYS_4,2019-06-16 05:27:11,主机node_81 FullGC次数：23次（大于阈值：10次）,0
289,SYS_9,2019-06-16 05:27:13,主机node_16 堆内存平均使用率：94.61%（大于阈值：90%）,0
290,SYS_10,2019-06-16 05:27:16,主机node_52 **application 停止运行,0
291,SYS_2,2019-06-16 05:27:18,主机node_91 FullGC平均耗时：3268ms（大于阈值：1000ms）,0
292,SYS_9,2019-06-16 05:27:19,主机node_92 分区剩余空间小于阀值10%,0
293,SYS_8,2019-06-16 05:27:25,主机node_49 上I/O等待负载持续15分钟超过10%,0
294,SYS_4,2019-06-16 05:27:26,主机node_77 空闲交换空间小于50%,0
295,SYS_10,2019-06-16 05:27:26,主机node_52 **application 停止运行,0
296,SYS_6,2019-06-16 05:27:27,主机node_98 FullGC平均耗时：2118ms（大于阈值：1000ms）,0
297,SYS_1,2019-06-16 05:27:29,主机node_93 上I/O等待负载持续15分钟超过10%,0
298,SYS_8,2019-06-16 05:27:29,主机node_41 ping丢包率当前值为25%，持续2分钟平均大于20%,0
299,SYS_9,2019-06-16 05:27:29,主机node_92 分区剩余空间小于阀值10%,0
300,SYS_5,2019-06-16 05:27:32,主机node_76 网卡eth0 接收流量持续10分钟平均值大于300M,0
301,SYS_5,2019-06-16 05:27:34,主机node_60 空闲交换空间小于50%,0
302,SYS_6,2019-06-16 05:27:37,主机node_32 网卡eth0 发送流量持续10分钟平均值大于800M,0
303,SYS_2,2019-06-16 05:27:38,主机node_91 FullGC平均耗时：3268ms（大于阈值：1000ms）,0
304,SYS_9,2019-06-16 05:27:39,主机node_92 分区剩余空间小于阀值10%,0
305,SYS_4,2019-06-16 05:27:41,主机node_81 FullGC次数：23次（大于阈值：10次）,0
306,SYS_5,2019-06-16 05:27:44,主机node_60 空闲交换空间小于50%,0
307,SYS_6,2019-06-16 05:27:47,主机node_98 FullGC平均耗时：2118ms（大于阈值：1000ms）,0
308,SYS_4,2019-06-16 05:27:47,主机node_13 FullGC平均耗时：2118ms（大于阈值：1000ms）,0
309,SYS_10,2019-06-16 05:27:48,主机node_11 日志报错:无法获取连接,0
310,SYS_8,2019-06-16 05:27:55,主机node_49 上I/O等待负载持续15分钟超过10%,0
311,SYS_8,2019-06-16 05:27:55,主机node_79 堆内存平均使用率：94.61%（大于阈值：90%）,0
312,SYS_6,2019-06-16 05:27:55,主机node_25 FullGC平均耗时：2118ms（大于阈值：1000ms）,0
313,SYS_4,2019-06-16 05:27:56,主机node_77 空闲交换空间小于50%,0
314,SYS_7,2019-06-16 05:27:56,主机node_89 url:http://node_89:8080访问失败,0
315,SYS_5,2019-06-16 05:27:57,主机node_65 日志产生ERROR信息,0
316,SYS_2,2019-06-16 05:27:58,主机node_91 FullGC平均耗时：3268ms（大于阈值：1000ms）,0
317,SYS_5,2019-06-16 05:28:04,主机node_60 空闲交换空间小于50%,0
318,SYS_8,2019-06-16 05:28:05,主机node_49 上I/O等待负载持续15分钟超过10%,0
319,SYS_2,2019-06-16 05:28:08,主机node_91 FullGC平均耗时：3268ms（大于阈值：1000ms）,0
320,SYS_7,2019-06-16 05:28:08,主机node_63 网卡eth0 接收流量持续10分钟平均值大于300M,0
321,SYS_9,2019-06-16 05:28:09,主机node_92 分区剩余空间小于阀值10%,0
322,SYS_8,2019-06-16 05:28:09,主机node_41 ping丢包率当前值为25%，持续2分钟平均大于20%,0
323,SYS_10,2019-06-16 05:28:09,主机node_40 ping延迟时间持续3分钟大于100ms,0
324,SYS_1,2019-06-16 05:28:09,主机node_93 上I/O等待负载持续15分钟超过10%,0
325,SYS_4,2019-06-16 05:28:11,主机node_81 FullGC次数：23次（大于阈值：10次）,0
326,SYS_2,2019-06-16 05:28:18,主机node_91 FullGC平均耗时：3268ms（大于阈值：1000ms）,0
327,SYS_9,2019-06-16 05:28:19,主机node_92 分区剩余空间小于阀值10%,0
328,SYS_3,2019-06-16 05:28:21,"主机node_20 ping丢包率100%,服务器宕机",0
329,SYS_5,2019-06-16 05:28:24,主机node_60 空闲交换空间小于50%,0
330,SYS_10,2019-06-16 05:28:28,主机node_90 Nginx 80端口的连接数大于2000,0
331,SYS_2,2019-06-16 05:28:28,主机node_91 FullGC平均耗时：3268ms（大于阈值：1000ms）,0
332,SYS_4,2019-06-16 05:28:31,主机node_81 FullGC次数：23次（大于阈值：10次）,0
333,SYS_5,2019-06-16 05:28:32,主机node_76 网卡eth0 接收流量持续10分钟平均值大于300M,0
334,SYS_4,2019-06-16 05:28:36,主机node_77 空闲交换空间小于50%,0
335,SYS_7,2019-06-16 05:28:36,主机node_61 **application 停止运行,0
336,SYS_4,2019-06-16 05:28:37,"主机node_62 空闲CPU为1.52%,持续15分钟小于10%",0
337,SYS_7,2019-06-16 05:28:37,主机node_51 url:http://node_51:8080访问失败,0
338,SYS_7,2019-06-16 05:28:38,主机node_63 网卡eth0 接收流量持续10分钟平均值大于300M,0
339,SYS_5,2019-06-16 05:28:42,主机node_6 分区剩余空间小于阀值10%,0
340,SYS_7,2019-06-16 05:28:42,主机node_54 **application 停止运行,0
341,SYS_5,2019-06-16 05:28:44,主机node_60 空闲交换空间小于50%,0
342,SYS_5,2019-06-16 05:28:47,主机node_65 日志产生ERROR信息,0
343,SYS_9,2019-06-16 05:28:49,主机node_92 分区剩余空间小于阀值10%,0
344,SYS_5,2019-06-16 05:28:52,主机node_76 网卡eth0 接收流量持续10分钟平均值大于300M,0
345,SYS_3,2019-06-16 05:28:53,主机node_97 网卡eth0 发送流量持续30分钟平均值大于700M,0
346,SYS_5,2019-06-16 05:28:54,主机node_60 空闲交换空间小于50%,0
347,SYS_8,2019-06-16 05:28:55,主机node_49 上I/O等待负载持续15分钟超过10%,0
348,SYS_4,2019-06-16 05:28:56,主机node_77 空闲交换空间小于50%,0
349,SYS_2,2019-06-16 05:28:56,主机node_21 上I/O等待负载持续15分钟超过10%,0
350,SYS_10,2019-06-16 05:28:59,主机node_40 ping延迟时间持续3分钟大于100ms,0
351,SYS_9,2019-06-16 05:28:59,主机node_92 分区剩余空间小于阀值10%,0
352,SYS_5,2019-06-16 05:29:02,主机node_76 网卡eth0 接收流量持续10分钟平均值大于300M,0
353,SYS_5,2019-06-16 05:29:04,主机node_60 空闲交换空间小于50%,0
354,SYS_6,2019-06-16 05:29:05,主机node_59 ping丢包率当前值为25%，持续2分钟平均大于20%,0
355,SYS_4,2019-06-16 05:29:06,主机node_77 空闲交换空间小于50%,0
356,SYS_7,2019-06-16 05:29:07,主机node_51 url:http://node_51:8080访问失败,0
357,SYS_2,2019-06-16 05:29:08,主机node_91 FullGC平均耗时：3268ms（大于阈值：1000ms）,0
358,SYS_9,2019-06-16 05:29:09,主机node_92 分区剩余空间小于阀值10%,0
359,SYS_5,2019-06-16 05:29:12,主机node_76 网卡eth0 接收流量持续10分钟平均值大于300M,0
360,SYS_5,2019-06-16 05:29:14,主机node_60 空闲交换空间小于50%,0
361,SYS_4,2019-06-16 05:29:16,主机node_77 空闲交换空间小于50%,0
362,SYS_5,2019-06-16 05:29:17,主机node_65 日志产生ERROR信息,0
363,SYS_1,2019-06-16 05:29:18,主机node_73 端口80通信异常,0
364,SYS_4,2019-06-16 05:29:21,主机node_81 FullGC次数：23次（大于阈值：10次）,0
365,SYS_5,2019-06-16 05:29:22,主机node_76 网卡eth0 接收流量持续10分钟平均值大于300M,0
366,SYS_4,2019-06-16 05:29:22,主机node_9 端口80通信异常,0
367,SYS_9,2019-06-16 05:29:23,主机node_16 堆内存平均使用率：94.61%（大于阈值：90%）,0
368,SYS_4,2019-06-16 05:29:26,主机node_77 空闲交换空间小于50%,0
369,SYS_4,2019-06-16 05:29:27,主机node_13 FullGC平均耗时：2118ms（大于阈值：1000ms）,0
370,SYS_4,2019-06-16 05:29:31,主机node_81 FullGC次数：23次（大于阈值：10次）,0
371,SYS_5,2019-06-16 05:29:32,主机node_76 网卡eth0 接收流量持续10分钟平均值大于300M,0
372,SYS_7,2019-06-16 05:29:32,主机node_54 **application 停止运行,0
373,SYS_8,2019-06-16 05:29:33,主机node_84 上I/O等待负载大于50%,0
374,SYS_4,2019-06-16 05:29:36,主机node_77 空闲交换空间小于50%,0
375,SYS_9,2019-06-16 05:29:39,主机node_92 分区剩余空间小于阀值10%,0
376,SYS_4,2019-06-16 05:29:41,主机node_81 FullGC次数：23次（大于阈值：10次）,0
377,SYS_5,2019-06-16 05:29:42,主机node_76 网卡eth0 接收流量持续10分钟平均值大于300M,0
378,SYS_5,2019-06-16 05:29:44,主机node_60 空闲交换空间小于50%,0
379,SYS_8,2019-06-16 05:29:45,主机node_49 上I/O等待负载持续15分钟超过10%,0
380,SYS_8,2019-06-16 05:29:47,主机node_87 堆内存平均使用率：94.61%（大于阈值：90%）,0
381,SYS_2,2019-06-16 05:29:48,主机node_91 FullGC平均耗时：3268ms（大于阈值：1000ms）,0
382,SYS_9,2019-06-16 05:29:53,主机node_16 堆内存平均使用率：94.61%（大于阈值：90%）,0
383,SYS_5,2019-06-16 05:29:54,主机node_60 空闲交换空间小于50%,0
384,SYS_8,2019-06-16 05:29:55,主机node_49 上I/O等待负载持续15分钟超过10%,0
385,SYS_2,2019-06-16 05:29:56,主机node_21 上I/O等待负载持续15分钟超过10%,0
386,SYS_4,2019-06-16 05:29:57,主机node_13 FullGC平均耗时：2118ms（大于阈值：1000ms）,0
387,SYS_10,2019-06-16 05:29:58,主机node_11 日志报错:无法获取连接,0
388,SYS_9,2019-06-16 05:29:59,主机node_92 分区剩余空间小于阀值10%,0
389,SYS_2,2019-06-16 05:30:00,主机node_45 日志产生ERROR信息,0
390,SYS_4,2019-06-16 05:30:01,主机node_81 FullGC次数：23次（大于阈值：10次）,0
391,SYS_7,2019-06-16 05:30:02,主机node_54 **application 停止运行,0
392,SYS_5,2019-06-16 05:30:02,主机node_76 网卡eth0 接收流量持续10分钟平均值大于300M,0
393,SYS_8,2019-06-16 05:30:05,主机node_49 上I/O等待负载持续15分钟超过10%,0
394,SYS_1,2019-06-16 05:30:05,主机node_4 日志产生ERROR信息,0
395,SYS_6,2019-06-16 05:30:05,主机node_25 FullGC平均耗时：2118ms（大于阈值：1000ms）,0
396,SYS_4,2019-06-16 05:30:06,主机node_77 空闲交换空间小于50%,0
397,SYS_2,2019-06-16 05:30:08,主机node_91 FullGC平均耗时：3268ms（大于阈值：1000ms）,0
398,SYS_9,2019-06-16 05:30:09,主机node_92 分区剩余空间小于阀值10%,0
399,SYS_10,2019-06-16 05:30:09,主机node_40 ping延迟时间持续3分钟大于100ms,0
400,SYS_2,2019-06-16 05:30:10,主机node_45 日志产生ERROR信息,0
401,SYS_3,2019-06-16 05:30:10,主机node_3 端口80通信异常,0
402,SYS_3,2019-06-16 05:30:13,主机node_97 网卡eth0 发送流量持续30分钟平均值大于700M,0
403,SYS_5,2019-06-16 05:30:14,主机node_60 空闲交换空间小于50%,0
404,SYS_8,2019-06-16 05:30:15,主机node_49 上I/O等待负载持续15分钟超过10%,0
405,SYS_4,2019-06-16 05:30:16,主机node_77 空闲交换空间小于50%,0
406,SYS_5,2019-06-16 05:30:17,主机node_65 日志产生ERROR信息,0
407,SYS_10,2019-06-16 05:30:18,主机node_11 日志报错:无法获取连接,0
408,SYS_7,2019-06-16 05:30:18,主机node_63 网卡eth0 接收流量持续10分钟平均值大于300M,0
409,SYS_9,2019-06-16 05:30:19,主机node_92 分区剩余空间小于阀值10%,0
410,SYS_1,2019-06-16 05:30:19,主机node_93 上I/O等待负载持续15分钟超过10%,0
411,SYS_5,2019-06-16 05:30:22,主机node_76 网卡eth0 接收流量持续10分钟平均值大于300M,0
412,SYS_5,2019-06-16 05:30:24,主机node_60 空闲交换空间小于50%,0
413,SYS_8,2019-06-16 05:30:25,主机node_49 上I/O等待负载持续15分钟超过10%,0
414,SYS_4,2019-06-16 05:30:26,主机node_77 空闲交换空间小于50%,0
415,SYS_2,2019-06-16 05:30:28,主机node_91 FullGC平均耗时：3268ms（大于阈值：1000ms）,0
416,SYS_10,2019-06-16 05:30:29,主机node_40 ping延迟时间持续3分钟大于100ms,0
417,SYS_3,2019-06-16 05:30:31,"主机node_20 ping丢包率100%,服务器宕机",0
418,SYS_5,2019-06-16 05:30:32,主机node_76 网卡eth0 接收流量持续10分钟平均值大于300M,0
419,SYS_4,2019-06-16 05:30:36,主机node_77 空闲交换空间小于50%,0
420,SYS_7,2019-06-16 05:30:38,主机node_63 网卡eth0 接收流量持续10分钟平均值大于300M,0
421,SYS_10,2019-06-16 05:30:38,主机node_11 日志报错:无法获取连接,0
422,SYS_8,2019-06-16 05:30:39,主机node_41 ping丢包率当前值为25%，持续2分钟平均大于20%,0
423,SYS_4,2019-06-16 05:30:41,主机node_81 FullGC次数：23次（大于阈值：10次）,0
424,SYS_5,2019-06-16 05:30:42,主机node_76 网卡eth0 接收流量持续10分钟平均值大于300M,0
425,SYS_9,2019-06-16 05:30:43,主机node_16 堆内存平均使用率：94.61%（大于阈值：90%）,0
426,SYS_5,2019-06-16 05:30:44,主机node_60 空闲交换空间小于50%,0
427,SYS_1,2019-06-16 05:30:45,主机node_4 日志产生ERROR信息,0
428,SYS_6,2019-06-16 05:30:45,主机node_25 FullGC平均耗时：2118ms（大于阈值：1000ms）,0
429,SYS_8,2019-06-16 05:30:45,主机node_49 上I/O等待负载持续15分钟超过10%,0
430,SYS_4,2019-06-16 05:30:46,主机node_77 空闲交换空间小于50%,0
431,SYS_9,2019-06-16 05:30:46,主机node_12 url:http://node_12:80//访问失败,0
432,SYS_2,2019-06-16 05:30:48,主机node_91 FullGC平均耗时：3268ms（大于阈值：1000ms）,0
433,SYS_4,2019-06-16 05:30:51,主机node_81 FullGC次数：23次（大于阈值：10次）,0
434,SYS_5,2019-06-16 05:30:52,主机node_76 网卡eth0 接收流量持续10分钟平均值大于300M,0
435,SYS_9,2019-06-16 05:30:53,主机node_16 堆内存平均使用率：94.61%（大于阈值：90%）,0
436,SYS_8,2019-06-16 05:30:55,主机node_49 上I/O等待负载持续15分钟超过10%,0
437,SYS_8,2019-06-16 05:30:55,主机node_79 堆内存平均使用率：94.61%（大于阈值：90%）,0
438,SYS_6,2019-06-16 05:30:55,主机node_59 ping丢包率当前值为25%，持续2分钟平均大于20%,0
439,SYS_6,2019-06-16 05:30:56,"主机node_48 ping丢包率100%,服务器宕机",0
440,SYS_4,2019-06-16 05:30:56,主机node_77 空闲交换空间小于50%,0
441,SYS_7,2019-06-16 05:30:56,主机node_89 url:http://node_89:8080访问失败,0
442,SYS_7,2019-06-16 05:30:57,主机node_51 url:http://node_51:8080访问失败,0
443,SYS_7,2019-06-16 05:30:58,主机node_63 网卡eth0 接收流量持续10分钟平均值大于300M,0
444,SYS_2,2019-06-16 05:30:58,主机node_91 FullGC平均耗时：3268ms（大于阈值：1000ms）,0
445,SYS_10,2019-06-16 05:30:59,主机node_40 ping延迟时间持续3分钟大于100ms,0
446,SYS_9,2019-06-16 05:30:59,主机node_92 分区剩余空间小于阀值10%,0
447,SYS_3,2019-06-16 05:31:00,主机node_3 端口80通信异常,0
448,SYS_4,2019-06-16 05:31:01,主机node_81 FullGC次数：23次（大于阈值：10次）,0
449,SYS_5,2019-06-16 05:31:02,主机node_6 分区剩余空间小于阀值10%,0
450,SYS_4,2019-06-16 05:31:02,主机node_9 端口80通信异常,0
451,SYS_5,2019-06-16 05:31:04,主机node_60 空闲交换空间小于50%,0
452,SYS_6,2019-06-16 05:31:05,主机node_59 ping丢包率当前值为25%，持续2分钟平均大于20%,0
453,SYS_7,2019-06-16 05:31:07,主机node_51 url:http://node_51:8080访问失败,0
454,SYS_2,2019-06-16 05:31:08,主机node_91 FullGC平均耗时：3268ms（大于阈值：1000ms）,0
455,SYS_8,2019-06-16 05:31:09,主机node_41 ping丢包率当前值为25%，持续2分钟平均大于20%,0
456,SYS_9,2019-06-16 05:31:13,主机node_16 堆内存平均使用率：94.61%（大于阈值：90%）,0
457,SYS_5,2019-06-16 05:31:14,主机node_60 空闲交换空间小于50%,0
458,SYS_8,2019-06-16 05:31:15,主机node_49 上I/O等待负载持续15分钟超过10%,0
459,SYS_4,2019-06-16 05:31:16,主机node_77 空闲交换空间小于50%,0
460,SYS_4,2019-06-16 05:31:17,主机node_13 FullGC平均耗时：2118ms（大于阈值：1000ms）,0
461,SYS_2,2019-06-16 05:31:18,主机node_91 FullGC平均耗时：3268ms（大于阈值：1000ms）,0
462,SYS_2,2019-06-16 05:31:20,主机node_45 日志产生ERROR信息,0
463,SYS_5,2019-06-16 05:31:22,主机node_76 网卡eth0 接收流量持续10分钟平均值大于300M,0
464,SYS_5,2019-06-16 05:31:24,主机node_60 空闲交换空间小于50%,0
465,SYS_4,2019-06-16 05:31:26,主机node_77 空闲交换空间小于50%,0
466,SYS_5,2019-06-16 05:31:27,主机node_65 日志产生ERROR信息,0
467,SYS_2,2019-06-16 05:31:28,主机node_91 FullGC平均耗时：3268ms（大于阈值：1000ms）,0
468,SYS_1,2019-06-16 05:31:29,主机node_93 上I/O等待负载持续15分钟超过10%,0
469,SYS_3,2019-06-16 05:31:31,"主机node_20 ping丢包率100%,服务器宕机",0
470,SYS_5,2019-06-16 05:31:32,主机node_76 网卡eth0 接收流量持续10分钟平均值大于300M,0
471,SYS_5,2019-06-16 05:31:34,主机node_60 空闲交换空间小于50%,0
472,SYS_8,2019-06-16 05:31:35,主机node_79 堆内存平均使用率：94.61%（大于阈值：90%）,0
473,SYS_4,2019-06-16 05:31:36,主机node_77 空闲交换空间小于50%,0
474,SYS_5,2019-06-16 05:31:37,主机node_65 日志产生ERROR信息,0
475,SYS_9,2019-06-16 05:31:39,主机node_92 分区剩余空间小于阀值10%,0
476,SYS_2,2019-06-16 05:31:40,主机node_45 日志产生ERROR信息,0
477,SYS_3,2019-06-16 05:31:40,主机node_3 端口80通信异常,0
478,SYS_4,2019-06-16 05:31:41,主机node_81 FullGC次数：23次（大于阈值：10次）,0
479,SYS_5,2019-06-16 05:31:44,主机node_60 空闲交换空间小于50%,0
480,SYS_6,2019-06-16 05:31:45,主机node_59 ping丢包率当前值为25%，持续2分钟平均大于20%,0
481,SYS_6,2019-06-16 05:31:46,"主机node_48 ping丢包率100%,服务器宕机",0
482,SYS_6,2019-06-16 05:31:47,主机node_32 网卡eth0 发送流量持续10分钟平均值大于800M,0
483,SYS_2,2019-06-16 05:31:48,主机node_91 FullGC平均耗时：3268ms（大于阈值：1000ms）,0
484,SYS_1,2019-06-16 05:31:49,主机node_93 上I/O等待负载持续15分钟超过10%,0
485,SYS_8,2019-06-16 05:31:55,主机node_49 上I/O等待负载持续15分钟超过10%,0
486,SYS_2,2019-06-16 05:31:56,主机node_21 上I/O等待负载持续15分钟超过10%,0
487,SYS_7,2019-06-16 05:31:57,主机node_51 url:http://node_51:8080访问失败,0
488,SYS_7,2019-06-16 05:31:58,主机node_63 网卡eth0 接收流量持续10分钟平均值大于300M,0
489,SYS_10,2019-06-16 05:31:59,主机node_40 ping延迟时间持续3分钟大于100ms,0
490,SYS_4,2019-06-16 05:32:01,主机node_81 FullGC次数：23次（大于阈值：10次）,0
491,SYS_5,2019-06-16 05:32:02,主机node_76 网卡eth0 接收流量持续10分钟平均值大于300M,0
492,SYS_9,2019-06-16 05:32:03,主机node_16 堆内存平均使用率：94.61%（大于阈值：90%）,0
493,SYS_1,2019-06-16 05:32:05,主机node_4 日志产生ERROR信息,0
494,SYS_4,2019-06-16 05:32:06,主机node_77 空闲交换空间小于50%,0
495,SYS_7,2019-06-16 05:32:06,主机node_61 **application 停止运行,0
496,SYS_7,2019-06-16 05:32:07,主机node_51 url:http://node_51:8080访问失败,0
497,SYS_1,2019-06-16 05:32:08,主机node_73 端口80通信异常,0
498,SYS_8,2019-06-16 05:32:09,主机node_41 ping丢包率当前值为25%，持续2分钟平均大于20%,0
499,SYS_4,2019-06-16 05:32:11,主机node_81 FullGC次数：23次（大于阈值：10次）,0
500,SYS_5,2019-06-16 05:32:12,主机node_76 网卡eth0 接收流量持续10分钟平均值大于300M,0
501,SYS_3,2019-06-16 05:32:13,主机node_97 网卡eth0 发送流量持续30分钟平均值大于700M,0
502,SYS_5,2019-06-16 05:32:14,主机node_60 空闲交换空间小于50%,0
503,SYS_4,2019-06-16 05:32:16,主机node_77 空闲交换空间小于50%,0
504,SYS_7,2019-06-16 05:32:17,主机node_51 url:http://node_51:8080访问失败,0
505,SYS_4,2019-06-16 05:32:17,"主机node_62 空闲CPU为1.52%,持续15分钟小于10%",0
506,SYS_8,2019-06-16 05:32:17,主机node_87 堆内存平均使用率：94.61%（大于阈值：90%）,0
507,SYS_2,2019-06-16 05:32:18,主机node_91 FullGC平均耗时：3268ms（大于阈值：1000ms）,0
508,SYS_9,2019-06-16 05:32:19,主机node_92 分区剩余空间小于阀值10%,0
509,SYS_4,2019-06-16 05:32:21,主机node_81 FullGC次数：23次（大于阈值：10次）,0
510,SYS_7,2019-06-16 05:32:22,主机node_54 **application 停止运行,0
511,SYS_5,2019-06-16 05:32:22,主机node_76 网卡eth0 接收流量持续10分钟平均值大于300M,0
512,SYS_8,2019-06-16 05:32:25,主机node_49 上I/O等待负载持续15分钟超过10%,0
513,SYS_8,2019-06-16 05:32:25,主机node_79 堆内存平均使用率：94.61%（大于阈值：90%）,0
514,SYS_10,2019-06-16 05:32:26,主机node_52 **application 停止运行,0
515,SYS_2,2019-06-16 05:32:28,主机node_91 FullGC平均耗时：3268ms（大于阈值：1000ms）,0
516,SYS_1,2019-06-16 05:32:28,主机node_73 端口80通信异常,0
517,SYS_9,2019-06-16 05:32:29,主机node_92 分区剩余空间小于阀值10%,0
518,SYS_4,2019-06-16 05:32:31,主机node_81 FullGC次数：23次（大于阈值：10次）,0
519,SYS_4,2019-06-16 05:32:37,"主机node_62 空闲CPU为1.52%,持续15分钟小于10%",0
520,SYS_10,2019-06-16 05:32:38,主机node_90 Nginx 80端口的连接数大于2000,0
521,SYS_2,2019-06-16 05:32:38,主机node_91 FullGC平均耗时：3268ms（大于阈值：1000ms）,0
522,SYS_5,2019-06-16 05:32:42,主机node_76 网卡eth0 接收流量持续10分钟平均值大于300M,0
523,SYS_4,2019-06-16 05:32:46,主机node_77 空闲交换空间小于50%,0
524,SYS_1,2019-06-16 05:32:48,主机node_73 端口80通信异常,0
525,SYS_7,2019-06-16 05:32:48,主机node_63 网卡eth0 接收流量持续10分钟平均值大于300M,0
526,SYS_10,2019-06-16 05:32:49,主机node_40 ping延迟时间持续3分钟大于100ms,0
527,SYS_2,2019-06-16 05:32:50,主机node_45 日志产生ERROR信息,0
528,SYS_5,2019-06-16 05:32:50,"主机node_26 空闲CPU为1.52%,持续15分钟小于10%",0
529,SYS_5,2019-06-16 05:32:52,主机node_76 网卡eth0 接收流量持续10分钟平均值大于300M,0
530,SYS_8,2019-06-16 05:32:55,主机node_49 上I/O等待负载持续15分钟超过10%,0
531,SYS_4,2019-06-16 05:32:57,"主机node_62 空闲CPU为1.52%,持续15分钟小于10%",0
532,SYS_2,2019-06-16 05:32:58,主机node_91 FullGC平均耗时：3268ms（大于阈值：1000ms）,0
533,SYS_1,2019-06-16 05:32:59,主机node_93 上I/O等待负载持续15分钟超过10%,0
534,SYS_9,2019-06-16 05:32:59,主机node_92 分区剩余空间小于阀值10%,0
535,SYS_5,2019-06-16 05:33:04,主机node_60 空闲交换空间小于50%,0
536,SYS_8,2019-06-16 05:33:05,主机node_49 上I/O等待负载持续15分钟超过10%,0
537,SYS_4,2019-06-16 05:33:06,主机node_77 空闲交换空间小于50%,0
538,SYS_5,2019-06-16 05:33:07,主机node_65 日志产生ERROR信息,0
539,SYS_6,2019-06-16 05:33:07,主机node_32 网卡eth0 发送流量持续10分钟平均值大于800M,0
540,SYS_8,2019-06-16 05:33:09,主机node_41 ping丢包率当前值为25%，持续2分钟平均大于20%,0
541,SYS_9,2019-06-16 05:33:09,主机node_92 分区剩余空间小于阀值10%,0
542,SYS_5,2019-06-16 05:33:12,主机node_76 网卡eth0 接收流量持续10分钟平均值大于300M,0
543,SYS_5,2019-06-16 05:33:14,主机node_60 空闲交换空间小于50%,0
544,SYS_1,2019-06-16 05:33:15,主机node_4 日志产生ERROR信息,0
545,SYS_8,2019-06-16 05:33:15,主机node_49 上I/O等待负载持续15分钟超过10%,0
546,SYS_4,2019-06-16 05:33:16,主机node_77 空闲交换空间小于50%,0
547,SYS_2,2019-06-16 05:33:18,主机node_91 FullGC平均耗时：3268ms（大于阈值：1000ms）,0
548,SYS_10,2019-06-16 05:33:18,主机node_90 Nginx 80端口的连接数大于2000,0
549,SYS_1,2019-06-16 05:33:19,主机node_93 上I/O等待负载持续15分钟超过10%,0
550,SYS_9,2019-06-16 05:33:19,主机node_92 分区剩余空间小于阀值10%,0
551,SYS_8,2019-06-16 05:33:19,主机node_41 ping丢包率当前值为25%，持续2分钟平均大于20%,0
552,SYS_4,2019-06-16 05:33:21,主机node_81 FullGC次数：23次（大于阈值：10次）,0
553,SYS_5,2019-06-16 05:33:24,主机node_60 空闲交换空间小于50%,0
554,SYS_1,2019-06-16 05:33:25,主机node_4 日志产生ERROR信息,0
555,SYS_7,2019-06-16 05:33:28,主机node_63 网卡eth0 接收流量持续10分钟平均值大于300M,0
556,SYS_9,2019-06-16 05:33:29,主机node_92 分区剩余空间小于阀值10%,0
557,SYS_4,2019-06-16 05:33:31,主机node_81 FullGC次数：23次（大于阈值：10次）,0
558,SYS_9,2019-06-16 05:33:33,主机node_16 堆内存平均使用率：94.61%（大于阈值：90%）,0
559,SYS_5,2019-06-16 05:33:34,主机node_60 空闲交换空间小于50%,0
560,SYS_8,2019-06-16 05:33:35,主机node_49 上I/O等待负载持续15分钟超过10%,0
561,SYS_4,2019-06-16 05:33:37,"主机node_62 空闲CPU为1.52%,持续15分钟小于10%",0
562,SYS_8,2019-06-16 05:33:37,主机node_87 堆内存平均使用率：94.61%（大于阈值：90%）,0
563,SYS_2,2019-06-16 05:33:38,主机node_91 FullGC平均耗时：3268ms（大于阈值：1000ms）,0
564,SYS_4,2019-06-16 05:33:41,主机node_81 FullGC次数：23次（大于阈值：10次）,0
565,SYS_5,2019-06-16 05:33:42,主机node_76 网卡eth0 接收流量持续10分钟平均值大于300M,0
566,SYS_7,2019-06-16 05:33:42,主机node_54 **application 停止运行,0
567,SYS_8,2019-06-16 05:33:45,主机node_49 上I/O等待负载持续15分钟超过10%,0
568,SYS_4,2019-06-16 05:33:46,主机node_77 空闲交换空间小于50%,0
569,SYS_7,2019-06-16 05:33:48,主机node_63 网卡eth0 接收流量持续10分钟平均值大于300M,0
570,SYS_9,2019-06-16 05:33:49,主机node_92 分区剩余空间小于阀值10%,0
571,SYS_3,2019-06-16 05:33:51,"主机node_20 ping丢包率100%,服务器宕机",0
572,SYS_5,2019-06-16 05:33:54,主机node_60 空闲交换空间小于50%,0
573,SYS_8,2019-06-16 05:33:55,主机node_49 上I/O等待负载持续15分钟超过10%,0
574,SYS_4,2019-06-16 05:33:56,主机node_77 空闲交换空间小于50%,0
575,SYS_2,2019-06-16 05:33:58,主机node_91 FullGC平均耗时：3268ms（大于阈值：1000ms）,0
576,SYS_9,2019-06-16 05:33:59,主机node_92 分区剩余空间小于阀值10%,0
577,SYS_4,2019-06-16 05:34:06,主机node_77 空闲交换空间小于50%,0
578,SYS_4,2019-06-16 05:34:07,"主机node_62 空闲CPU为1.52%,持续15分钟小于10%",0
579,SYS_7,2019-06-16 05:34:08,主机node_63 网卡eth0 接收流量持续10分钟平均值大于300M,0
580,SYS_2,2019-06-16 05:34:10,主机node_45 日志产生ERROR信息,0
